name,slug,featured,image,space_available,unit_price,measurement,owner,title,company,phone,email,address,state,city,zip_code,features,services,pallet_capacity,unit,labor_hours,approved,latitud-2,longitude-2
100 Broadway Ste 309,100-broadway-ste-309,,,,0,20,,,"Treeline Logistics, Inc.",1-415-678-5588,,100 Broadway Ste 309,CA,San Francisco,94111-1430,,,0,,10,true,37.7988624,-122.4000739
100 Cutting Blvd,100-cutting-blvd,,,,0,20,,,International-Matex Tank Terminals,1-510-412-5700,,100 Cutting Blvd,CA,Richmind,94804-2126,,,0,,10,true,37.9250416,-122.3696192
1000 Detroit Ave Ste F,1000-detroit-ave-ste-f,,,,0,20,,,Hester Warehouse,1-925-687-5365,,1000 Detroit Ave Ste F,CA,Concord,94518-2439,,,0,,10,true,37.9531305,-122.0270956
1000 Howard Ave,1000-howard-ave,,,,0,20,,,T E Meakin,1-650-558-0225,,1000 Howard Ave,CA,San Mateo,94401-1117,,,0,,10,true,37.5855572,-122.3333816
101 10th Ave,101-10th-ave,,,,0,20,,,Transmeridian Warehouses Inc.,1-510-834-988,,101 10th Ave,CA,Oakland,94606-5135,,,0,,10,true,37.7876967,-122.2559761
1020 Hansen Way,1020-hansen-way,,,,0,20,,,S & R Delivery,1-650-992-6917,,1020 Hansen Way,CA,Redwood City,94063-2621,,,0,,10,true,37.4896351,-122.218455
1020 Spring St,1020-spring-st,,,,0,20,,,Central Self Storage,1-408-295-3033,,1020 Spring St,CA,San Jose,95110-1616,,,0,,10,true,37.3501207,-121.9147895
1021 Blossom Hill Rd Ste 30,1021-blossom-hill-rd-ste-30,,,,0,20,,,Pedron's Enterprises,1-408-269-5200,,1021 Blossom Hill Rd Ste 30,CA,San Jose,95123-1197,,,0,,10,true,37.2510337,-121.8716933
1021 Washington St,1021-washington-st,,,,0,20,,,"American Royal International, Inc.",1-650-685-7330,,1021 Washington St,CA,San Carlos,94070-5318,,,0,,10,true,37.4976472,-122.2457801
1026 Hanson Ct,1026-hanson-ct,,,,0,20,,,Echo Engineering & Production Supplies Inc.,1-408-945-0325,,1026 Hanson Ct,CA,Milpitas,95035-3165,,,0,,10,true,37.4455465,-121.9085084
1029 Blackwood Lane,1029-blackwood-lane,,,,0,20,,,Lamorinda Tow,1-925-284-7575,,1029 Blackwood Lane,CA,Lafayette,94549-3904,,,0,,10,true,37.8940802,-122.1125681
104 Caledonia St Ste C,104-caledonia-st-ste-c,,,,0,20,,,Pacific American Management Group,1-415-331-3838,,104 Caledonia St Ste C,CA,Saualito,94965-1952,,,0,,10,true,37.8588675,-122.4854428
105 W Hillsdale Blvd C,105-w-hillsdale-blvd-c,,,,0,20,,,Space Woofs,1-650-219-3685,,105 W Hillsdale Blvd C,CA,San Mateo,94403-4282,,,0,,10,true,37.5346636,-122.3004479
1055 Montague Street,1055-montague-street,,,,0,20,,,"3rd Party Solutions & Logistics, LLC",1-650-732-0924,,1055 Montague Street,CA,San Leandro,94577-4331,,,0,,10,true,37.7102681,-122.1585946
1065 Barcelona Drive,1065-barcelona-drive,,,,0,20,,,PC Racing & Storage LLC,1-303-946-6771,,1065 Barcelona Drive,CA,Pacifica,94044-3508,,,0,,10,true,37.5924897,-122.4870788
1068 E Meadow Cir,1068-e-meadow-cir,,,,0,20,,,"Peninsula Storage Center, Limited Partnership",1-650-496-4170,,1068 E Meadow Cir,CA,Palo Alto,94303-4230,,,0,,10,true,37.4300434,-122.1097948
1075 Montague Expwy,1075-montague-expwy,,,,0,20,,,"Avid Technology, Inc.",1-408-942-7352,,1075 Montague Expwy,CA,Milpitas,95035-6828,,,0,,10,true,37.4165768,-121.8827519
1075 Space Park Way Spc 2,1075-space-park-way-spc-2,,,,0,20,,,Deanza Storage,1-650-969-0102,,1075 Space Park Way Spc 2,CA,Mountain View,94043-1417,,,0,,10,true,37.4173912,-122.0732556
1099 E St Rear,1099-e-st-rear,,,,0,20,,,HAYWARD AREA RECREATION & PK.DIST,1-510-881-6750,,1099 E St Rear,CA,Hayward,94541-5210,,,0,,10,true,37.6710845,-122.0765984
110 L St Ste E,110-l-st-ste-e,,,,0,20,,,Pac Pride Distribution Inc,1-925-779-4486,,110 L St Ste E,CA,Antioch,94509-1168,,,0,,10,true,38.0175113,-121.8202294
1100 Davis St,1100-davis-st,,,,0,20,,,Storquest Self Storage,1-510-562-5080,,1100 Davis St,CA,San Leandro,94577-2500,,,0,,10,true,37.723065,-122.168323
1102 S 3rd St,1102-s-3rd-st,,,,0,20,,,"J. T. R. Company, Inc.",1-408-293-3272,,1102 S 3rd St,CA,San Jose,95112-5918,,,0,,10,true,37.3206335,-121.8752953
1106 San Mateo Ave,1106-san-mateo-ave,,,,0,20,,,Corporate Fulfillment Systems,1-415-552-6697,,1106 San Mateo Ave,CA,South San Francisco,94080-6602,,,0,,10,true,37.6373668,-122.4104571
1107 2nd Ave Apt 406,1107-2nd-ave-apt-406,,,,0,20,,,"Stash It Storage, LLC",1-310-941-1573,,1107 2nd Ave Apt 406,CA,Redwood City,94063-4036,,,0,,10,true,37.4854338,-122.2002787
111 Uranium Dr Ste E,111-uranium-dr-ste-e,,,,0,20,,,Iron Mountain Incorporated,1-408-591-4299,,111 Uranium Dr Ste E,CA,Sunnyvale,94086-5336,,,0,,10,true,37.3709386,-121.9841897
1111 Lockheed Martin Way,1111-lockheed-martin-way,,,,0,20,,,Lockheed Martin Corporation,1-408-742-4321,,1111 Lockheed Martin Way,CA,Sunnyvale,94089-1212,,,0,,10,true,37.416095,-122.0355326
1130 Burnett Ave Ste E,1130-burnett-ave-ste-e,,,,0,20,,,Concord Cold Storage LLC,1-415-713-2573,,1130 Burnett Ave Ste E,CA,Concord,94520-5637,,,0,,10,true,37.9776713,-122.0560009
1132 Kilarney Ln,1132-kilarney-ln,,,,0,20,,,"Petabyte Storage, LLC",1-510-735-6504,,1132 Kilarney Ln,CA,Walnut Creek,94598-1517,,,0,,10,true,37.9317308,-122.0338675
1140 Canal Blvd,1140-canal-blvd,,,,0,20,,,Kinder Morgan Liquids Terminals LLC,1-510-412-8810,,1140 Canal Blvd,CA,Richmind,94804- 3552,,,0,,10,true,37.9172723,-122.3690711
1140 Hamilton Court,1140-hamilton-court,,,,0,20,,,"Extra Space Management, Inc.",1-925-828-5400,,1140 Hamilton Court,CA,Menlo Park,94025-1425,,,0,,10,true,37.4781379,-122.1475027
1140 Hamilton Court,1140-hamilton-court-2,,,,0,20,,,"Space Systems/Loral, LLC",1-650-852-4000,,1140 Hamilton Court,CA,Menlo Park,94025-1425,,,0,,10,true,37.4781379,-122.1475027
1160 Industrial Rd Ste 15,1160-industrial-rd-ste-15,,,,0,20,,,Tea San Carlos LLC,1-650-802-7007,,1160 Industrial Rd Ste 15,CA,San Carlos,94070-4128,,,0,,10,true,37.5018941,-122.2483288
11713 Dorothy Anne Way,11713-dorothy-anne-way,,,,0,20,,,Brommer Street Storage,1-408-446-1773,,11713 Dorothy Anne Way,CA,Cupertino,95014-5137,,,0,,10,true,37.297872,-122.0497853
1190 Zephyr Ave,1190-zephyr-ave,,,,0,20,,,Ate Logistics Inc,1-510-475-9163,,1190 Zephyr Ave,CA,Hayward,94544-7922,,,0,,10,true,37.6108569,-122.0501849
1199 Howard Ave Ste 350,1199-howard-ave-ste-350,,,,0,20,,,"Allied Lomar, Inc",1-650-696-1700,,1199 Howard Ave Ste 350,CA,Burlingame,94010-4274,,,0,,10,true,37.5778259,-122.3444291
120 Silver Cloud Pl,120-silver-cloud-pl,,,,0,20,,,"Prism Team Services, Inc.",1-925-838-1691,,120 Silver Cloud Pl,CA,Danville,94526-4935,,,0,,10,true,37.8009099,-121.9862777
1236 Fairway Drive,1236-fairway-drive,,,,0,20,,,Worldwide Design Concepts Inc,1-510-618-1670,,1236 Fairway Drive,CA,San Leandro,94577,,,0,,10,true,37.7075082,-122.1585036
1241a Main St,1241a-main-st,,,,0,20,,,Delta Storage,1-925-754-7011,,1241a Main St,CA,Oakley,94561-2922,,,0,,10,true,38.0046819,-121.7463227
1246 Hearst Dr,1246-hearst-dr,,,,0,20,,,Select Foods Inc,1-510-785-1000,,1246 Hearst Dr,CA,Pleasanton,94566-7558,,,0,,10,true,37.6528147,-121.8521247
1287 Colleen Way,1287-colleen-way,,,,0,20,,,"Appaloosa Data Storage, Inc.",1-408-378-6875,,1287 Colleen Way,CA,Campbell,95008-1711,,,0,,10,true,37.2884286,-121.9725721
130 Parr Blvd,130-parr-blvd,,,,0,20,,,Secured Rv Storage,1-510-235-7258,,130 Parr Blvd,CA,Richmind,94801-1118,,,0,,10,true,37.9671972,-122.3730276
1309 66th St,1309-66th-st,,,,0,20,,,"Crossroads Trading Co., Inc.",1-510-735-9932,,1309 66th St,CA,Emeryville,94608-1116,,,0,,10,true,37.8475814,-122.2912178
1333 Lowrie Ave,1333-lowrie-ave,,,,0,20,,,"Ship Art International, Inc.",1-650-952-0100,,1333 Lowrie Ave,CA,San Francisco,94080-6403,,,0,,10,true,37.6450515,-122.4121278
134 Montanya Ct,134-montanya-ct,,,,0,20,,,"Research America, Inc.",1-925-603-2904,,134 Montanya Ct,CA,Walnut Creek,94597-3007,,,0,,10,true,37.9116786,-122.0754443
1345 Doolittle Dr Ste A,1345-doolittle-dr-ste-a,,,,0,20,,,"Sloat Brothers, Ltd.",1-510-746-1100,,1345 Doolittle Dr Ste A,CA,San Leandro,94577-2268,,,0,,10,true,37.713901,-122.1877308
1350 W Grand Ave,1350-w-grand-ave,,,,0,20,,,"Iron Mountain Information Management, LLC",1-510-287-5475,,1350 W Grand Ave,CA,Oakland,94607-2333,,,0,,10,true,37.8173501,-122.288427
1357 San Mateo Ave,1357-san-mateo-ave,,,,0,20,,,Arco's Self Storage,1-650-873-2726,,1357 San Mateo Ave,CA,South San Francisco,94080-6511,,,0,,10,true,37.6442385,-122.4108888
13585 Sycamore Ave,13585-sycamore-ave,,,,0,20,,,WINDMILL MINI STORAGE,1-408-683-2300,,13585 Sycamore Ave,CA,San Martin,95046-9796,,,0,,10,true,37.091054,-121.599071
136 Willow St,136-willow-st,,,,0,20,,,STOR ALL STORAGE,1-650-365-0900,,136 Willow St,CA,Redwood City,94063-2822,,,0,,10,true,37.4772113,-122.2183885
1364 San Mateo Ave,1364-san-mateo-ave,,,,0,20,,,Robert Andrighetto,1-650-802-0319,,1364 San Mateo Ave,CA,South San Francisco,94080-6501,,,0,,10,true,37.644545,-122.410082
13760 E 14th St,13760-e-14th-st,,,,0,20,,,FIRST RATE STORAGE,1-510-357-6353,,13760 E 14th St,CA,San Leandro,94578-2540,,,0,,10,true,37.7154997,-122.1425385
14 Woodland Ave,14-woodland-ave,,,,0,20,,,Woodland Avenue Security Storage,1-415-457-2327,,14 Woodland Ave,CA,San Rafael,94901-5302,,,0,,10,true,37.9613441,-122.5137377
140 Town And Country Dr E,140-town-and-country-dr-e,,,,0,20,,,"San Francisco Self Storage II, LLC",1-800-866-0026,,140 Town And Country Dr E,CA,Danville,94526-3965,,,0,,10,true,37.8138473,-121.9995152
1400 Oakland Rd,1400-oakland-rd,,,,0,20,,,MCMOOR'S COMPANY,1-408-453-8177,,1400 Oakland Rd,CA,San Jose,95112-1202,,,0,,10,true,37.3730814,-121.8935384
1420 Royal Industrial Way,1420-royal-industrial-way,,,,0,20,,,Commerce Rv Storage,1-925-689-6441,,1420 Royal Industrial Way,CA,Concord,94520-4914,,,0,,10,true,37.9748073,-122.0477942
14205 Sycamore Ave,14205-sycamore-ave,,,,0,20,,,AC Rv Boat Storage,1-408-683-2886,,14205 Sycamore Ave,CA,San Martin,95046-9300,,,0,,10,true,37.1005309,-121.604422
1445 Lakeside Dr Apt 205,1445-lakeside-dr-apt-205,,,,0,20,,,Formrapid LLC,1-650-391-7619,,1445 Lakeside Dr Apt 205,CA,Oakland,94612-4355,,,0,,10,true,37.8018926,-122.2628631
1465 Custer Ave,1465-custer-ave,,,,0,20,,,Richard Gervais Collection War,1-415-642-1056,,1465 Custer Ave,CA,San Francisco,94124-1437,,,0,,10,true,37.7448779,-122.388813
1475 Fairfax Ave,1475-fairfax-ave,,,,0,20,,,Pakall Inc,1-415-648-8570,,1475 Fairfax Ave,CA,San Francisco,94124-1729,,,0,,10,true,37.7408559,-122.3869478
1480 Barlow Ct,1480-barlow-ct,,,,0,20,,,Beyond Warehousing,1-510-378-8311,,1480 Barlow Ct,CA,Fremont,94536-4029,,,0,,10,true,37.5619387,-121.9818352
1490 Sacramento St Apt 2f,1490-sacramento-st-apt-2f,,,,0,20,,,"Sutter Space, LLC",1-415-732-9607,,1490 Sacramento St Apt 2f,CA,San Francisco,94109-4037,,,0,,10,true,37.7920887,-122.4174816
1491 Rutan Dr,1491-rutan-dr,,,,0,20,,,Airport Mini Storage,1-925-606-1024,,1491 Rutan Dr,CA,Livermore,94551-7319,,,0,,10,true,37.6925894,-121.8002283
15 Middlefield Dr,15-middlefield-dr,,,,0,20,,,"Exotic Glass, LLC",1-415-706-7588,,15 Middlefield Dr,CA,San Francisco,94132-1413,,,0,,10,true,37.7337758,-122.4866256
1520 Willow Rd,1520-willow-rd,,,,0,20,,,Extra Space Mgmt Inc,1-650-327-6006,,1520 Willow Rd,CA,Menlo Park,94025-1416,,,0,,10,true,37.4808333,-122.1488142
15311 Hesperian Blvd,15311-hesperian-blvd,,,,0,20,,,"Mini Safe Storage, LLC",1-510-276-2000,,15311 Hesperian Blvd,CA,San Leandro,94578-3909,,,0,,10,true,37.6949488,-122.1321264
1534 15th St,1534-15th-st,,,,0,20,,,Lucas Lamont LLC,1-415-861-3101,,1534 15th St,CA,San Francisco,94103-3638,,,0,,10,true,37.7669231,-122.4185214
15516 Alum Rock Avenue,15516-alum-rock-avenue,,,,0,20,,,Hometown Self Storage Inc,1-408-205-0070,,15516 Alum Rock Avenue,CA,San Jose,95127-2710,,,0,,10,true,37.3841241,-121.8155578
1555 Pacific Ave,1555-pacific-ave,,,,0,20,,,PEARL GROUP,1-415-400-4212,,1555 Pacific Ave,CA,San Francisco,94109-2626,,,0,,10,true,37.7948921,-122.4207567
1555 Zephyr Ave,1555-zephyr-ave,,,,0,20,,,Chipman Corporation,1-510-474-3600,,1555 Zephyr Ave,CA,Hayward,94544-7835,,,0,,10,true,37.6123345,-122.0601296
158 California Ave,158-california-ave,,,,0,20,,,Foti Mini Self Storage,1-650-728-5225,,158 California Ave,CA,El Granada,94018,,,0,,10,true,37.5057644,-122.4890464
1597 Market Street,1597-market-street,,,,0,20,,,8671 Extra Space Storage,1-925-250-5281,,1597 Market Street,CA,Concord,94520-3900,,,0,,10,true,37.96705,-122.047981
1597 Market Street,1597-market-street-2,,,,0,20,,,Smart Stop Self Storage,1-925-357-7642,,1597 Market Street,CA,Concord,94520-3900,,,0,,10,true,37.96705,-122.047981
1600 Donner Ave,1600-donner-ave,,,,0,20,,,"Morgan-Todt, Inc.",1-415-822-8445,,1600 Donner Ave,CA,San Francisco,94124-3220,,,0,,10,true,37.7241366,-122.3927455
16025 Ashland Avenue,16025-ashland-avenue,,,,0,20,,,Public Storage,1-510-470-4585,,16025 Ashland Avenue,CA,San Lorenzo,94580-1113,,,0,,10,true,37.6982839,-122.1198646
1610 Whipple Rd,1610-whipple-rd,,,,0,20,,,"Total Sweeteners, Inc.",1-510-471-3832,,1610 Whipple Rd,CA,Union City,94587-1926,,,0,,10,true,37.6057988,-122.0481649
16250 Greenwood Ln,16250-greenwood-ln,,,,0,20,,,Storage City LLC,1-408-813-6416,,16250 Greenwood Ln,CA,Los Gatos,95030-3053,,,0,,10,true,37.23204,-122.0020248
1639 18th St,1639-18th-st,,,,0,20,,,Issa Transport Service,1-510-893-8020,,1639 18th St,CA,Oakland,94607-1632,,,0,,10,true,37.8143592,-122.292724
1650 S Amphlett Blvd Ste 110,1650-s-amphlett-blvd-ste-110,,,,0,20,,,"Loudmouth Golf, Inc.",1-800-390-5116,,1650 S Amphlett Blvd Ste 110,CA,San Mateo,94402-2514,,,0,,10,true,37.5595553,-122.3032419
1650 W Winton Ave,1650-w-winton-ave,,,,0,20,,,Parrish Estate Company,1-510-293-8870,,1650 W Winton Ave,CA,Hayward,94545-1313,,,0,,10,true,37.6508125,-122.123461
16520 Worthley Dr,16520-worthley-dr,,,,0,20,,,All American Storage,1-510-276-4600,,16520 Worthley Dr,CA,San Lorenzo,94580-1812,,,0,,10,true,37.6672387,-122.1487033
1664 Hillcrest Rd,1664-hillcrest-rd,,,,0,20,,,"Re-Tasks, LLC",1-510-517-7238,,1664 Hillcrest Rd,CA,San Pablo,94806-4131,,,0,,10,true,37.9571953,-122.3261414
1670 Alvarado St,1670-alvarado-st,,,,0,20,,,"Brava Shipping & Receiving, LLC",1-510-459-7926,,1670 Alvarado St,CA,San Leandro,94577-2637,,,0,,10,true,37.7190734,-122.1608123
1683 Galvez Ave,1683-galvez-ave,,,,0,20,,,Pine Garment USA Inc,1-415-285-9888,,1683 Galvez Ave,CA,San Francisco,94124-1431,,,0,,10,true,37.7412475,-122.3895014
170 State St Ste B,170-state-st-ste-b,,,,0,20,,,The Makery LLC,1-650-397-5613,,170 State St Ste B,CA,Los Altos,94022-2837,,,0,,10,true,37.3799748,-122.1163267
1700 Egbert Ave,1700-egbert-ave,,,,0,20,,,EXTRA SPACE MGMT INC,1-415-467-4600,,1700 Egbert Ave,CA,San Francisco,94124-2565,,,0,,10,true,37.7277037,-122.3965587
1701 Senter Rd,1701-senter-rd,,,,0,20,,,A-1 Self Storage,1-408-649-7314,,1701 Senter Rd,CA,San Jose,95112-2515,,,0,,10,true,37.3177128,-121.8584777
1702-L Meridian Ave Ste 149,1702-l-meridian-ave-ste-149,,,,0,20,,,Access Ergonomics,1-408-355-5959,,1702-L Meridian Ave Ste 149,CA,San Jose,95125-5586,,,0,,10,true,37.292839,-121.912497
1703 E Bayshore Rd,1703-e-bayshore-rd,,,,0,20,,,Seaport Storage Center,1-650-364-3866,,1703 E Bayshore Rd,CA,Redwood City,94063-4123,,,0,,10,true,37.4912006,-122.2110962
17147 Heatherwood Way,17147-heatherwood-way,,,,0,20,,,"Premier Power Storage, Incorporated",1-408-779-6551,,17147 Heatherwood Way,CA,Morgan Hill,95037-7204,,,0,,10,true,37.1396131,-121.6180813
17443 Farley Rd W,17443-farley-rd-w,,,,0,20,,,Storit of Los Gatos,1-408-399-3333,,17443 Farley Rd W,CA,Los Gatos,95030-3308,,,0,,10,true,37.2396924,-121.9755932
1745 Dobbin Dr,1745-dobbin-dr,,,,0,20,,,"Eastern Wholesale Furniture Co. of California, Inc.",1-408-926-7000,,1745 Dobbin Dr,CA,San Jose,95133,,,0,,10,true,37.3663531,-121.865074
1760 Junction Ave,1760-junction-ave,,,,0,20,,,Maclaughlin and Company Incorporated,1-408-436-8828,,1760 Junction Ave,CA,San Jose,95112-1021,,,0,,10,true,37.3773575,-121.9061396
1765 Scott Blvd Ste 109,1765-scott-blvd-ste-109,,,,0,20,,,Associated Technologies Inc,1-408-727-3904,,1765 Scott Blvd Ste 109,CA,Santa Clara,95050-4138,,,0,,10,true,37.355044,-121.9588425
178 Barnard Ave,178-barnard-ave,,,,0,20,,,"Alpacka Group, LLC",1-312-550-8501,,178 Barnard Ave,CA,San Jose,95125-1040,,,0,,10,true,37.308405,-121.8707763
180 Golf Club Rd,180-golf-club-rd,,,,0,20,,,Cs Lemoore Storage LLC,1-877-973-3331,,180 Golf Club Rd,CA,Pleasant Hill,94523-1526,,,0,,10,true,37.9720164,-122.0666189
18025 Monterey St,18025-monterey-st,,,,0,20,,,Storagemart,1-408-782-2535,,18025 Monterey St,CA,Morgan Hill,95037-3649,,,0,,10,true,37.1370541,-121.6610172
1840 National Ave,1840-national-ave,,,,0,20,,,"Sp Freight Services, Inc.",1-510-782-0188,,1840 National Ave,CA,Hayward,94545-1708,,,0,,10,true,37.6491272,-122.1219969
1845 Rollins Rd,1845-rollins-rd,,,,0,20,,,"Sky Chefs, Inc.",1-650-652-7886,,1845 Rollins Rd,CA,Burlingame,94010-2209,,,0,,10,true,37.5982069,-122.3813796
1850 Solano Way,1850-solano-way,,,,0,20,,,Abba Self & Rv Storage,1-925-969-9222,,1850 Solano Way,CA,Concord,94520-5429,,,0,,10,true,37.991065,-122.049694
1855 Las Plumas Avenue,1855-las-plumas-avenue,,,,0,20,,,Life Storage,1-408-708-2767,,1855 Las Plumas Avenue,CA,San Jose,95133-1706,,,0,,10,true,37.364675,-121.863792
187 Arthur Rd Ste C,187-arthur-rd-ste-c,,,,0,20,,,Tri-Valley Transfer & Storage,1-925-634-7277,,187 Arthur Rd Ste C,CA,Martinez,94553-2255,,,0,,10,true,38.0090014,-122.0882365
1875 Loveridge Rd,1875-loveridge-rd,,,,0,20,,,"Arb, Inc.",1-925-432-3649,,1875 Loveridge Rd,CA,Pittsburg,94565-4110,,,0,,10,true,38.0134403,-121.8615536
1916-A Stone Ave,1916-a-stone-ave,,,,0,20,,,Barb's Parking & Storage,1-408-295-8644,,1916-A Stone Ave,CA,San Jose,95125-1312,,,0,,10,true,37.3025279,-121.8728495
1935 S 10th St,1935-s-10th-st,,,,0,20,,,J. Lohr Winery Corporation,1-408-293-1345,,1935 S 10th St,CA,San Jose,95112-4111,,,0,,10,true,37.311679,-121.859407
1939 Harrison St,1939-harrison-st,,,,0,20,,,Saf Keep Limited,1-650-322-2222,,1939 Harrison St,CA,Oakland,94612-3529,,,0,,10,true,37.8072191,-122.2653001
1939 Harrison St,1939-harrison-st-2,,,,0,20,,,Peninsula Storage Center,1-650-968-7700,,1939 Harrison St,CA,Oakland,94612-3529,,,0,,10,true,37.8072191,-122.2653001
1941 Stone Ave,1941-stone-ave,,,,0,20,,,B&E Storage,1-408-297-0375,,1941 Stone Ave,CA,San Jose,95125-1313,,,0,,10,true,37.3020719,-121.8731163
195 Leavesley Rd,195-leavesley-rd,,,,0,20,,,Leavesley Mini Storage,1-408-842-7312,,195 Leavesley Rd,CA,Gilroy,95020-3604,,,0,,10,true,37.0207247,-121.5726099
1951 Fairway Dr Ste B,1951-fairway-dr-ste-b,,,,0,20,,,"Sloat Brothers, Ltd.",1-510-352-8244,,1951 Fairway Dr Ste B,CA,San Leandro,94577-5643,,,0,,10,true,37.703033,-122.1719441
1991 Fairway Drive,1991-fairway-drive,,,,0,20,,,Closet Box,1-415-582-4448,,1991 Fairway Drive,CA,San Leandro,94577-5634,,,0,,10,true,37.7020928,-122.1738067
200 Perdue St,200-perdue-st,,,,0,20,,,Ed Roach,1-925-552-6000,,200 Perdue St,CA,San Ramon,94583-1590,,,0,,10,true,37.7825707,-121.9817464
200 Toland St,200-toland-st,,,,0,20,,,Consolidated De Pue Corp,1-415-285-6727,,200 Toland St,CA,San Francisco,94124-1120,,,0,,10,true,37.7462044,-122.3977905
2000 Doolittle Dr,2000-doolittle-dr,,,,0,20,,,"Extra Space Management, Inc.",1-510-483-6545,,2000 Doolittle Dr,CA,San Leandro,94577-3237,,,0,,10,true,37.7061586,-122.1806803
201 Discovery Drive,201-discovery-drive,,,,0,20,,,"Thyssenkrupp Industrial Services Na, Inc.",1-209-395-9111,,201 Discovery Drive,CA,Livermore,94551-9532,,,0,,10,true,37.6830442,-121.8078852
20250 Mckean Rd,20250-mckean-rd,,,,0,20,,,Doug Hamilton,1-408-268-6800,,20250 Mckean Rd,CA,San Jose,95120-2311,,,0,,10,true,37.1998392,-121.8215165
2041 Mission College Blvd Ste 145,2041-mission-college-blvd-ste-145,,,,0,20,,,Omnitier Storage Inc,1-408-892-7073,,2041 Mission College Blvd Ste 145,CA,Santa Clara,95054-1588,,,0,,10,true,37.3875893,-121.9606866
2042 N Main St,2042-n-main-st,,,,0,20,,,My Toys For Rent,1-925-933-3500,,2042 N Main St,CA,Walnut Creek,94596-3706,,,0,,10,true,37.9081946,-122.0644135
2047 Old Middlefield Way,2047-old-middlefield-way,,,,0,20,,,Acesis Inc.,1-650-396-7540,,2047 Old Middlefield Way,CA,Mountain View,94043-2401,,,0,,10,true,37.4140442,-122.0917587
205 E Alma Avenue,205-e-alma-avenue,,,,0,20,,,Valley Relocation & Storage Inc. San Jose,1-408-763-4788,,205 E Alma Avenue,CA,San Jose,95112-5902,,,0,,10,true,37.3183038,-121.8710262
205 Main St Ste E,205-main-st-ste-e,,,,0,20,,,"Access Cig, LLC",1-925-461-5352,,205 Main St Ste E,CA,Pleasanton,94566-7360,,,0,,10,true,37.6578487,-121.8785192
2050 Galvez Ave,2050-galvez-ave,,,,0,20,,,Growers' Refrigeration Company,1-415-647-8383,,2050 Galvez Ave,CA,San Francisco,94124-1109,,,0,,10,true,37.7459086,-122.3958433
2050 Williams St,2050-williams-st,,,,0,20,,,"Anchor Distribution Services, Inc.",1-510-483-9120,,2050 Williams St,CA,San Leandro,94577-2306,,,0,,10,true,37.711314,-122.180016
2066 Broadway St,2066-broadway-st,,,,0,20,,,Captain's,1-650-568-1931,,2066 Broadway St,CA,Redwood City,94063-1802,,,0,,10,true,37.486807,-122.227537
2070 S 7th St Ste A,2070-s-7th-st-ste-a,,,,0,20,,,Leales Rv Storage Service Center,1-408-286-5515,,2070 S 7th St Ste A,CA,San Jose,95112-6032,,,0,,10,true,37.3073653,-121.8575042
21 Commercial Blvd Ste 2,21-commercial-blvd-ste-2,,,,0,20,,,Sacramento Storage Associates II,1-415-883-7846,,21 Commercial Blvd Ste 2,CA,Novato,94949-6109,,,0,,10,true,38.0691821,-122.5311143
21 Commercial Boulevard,21-commercial-boulevard,,,,0,20,,,College Avenue Storage Corporation,1-415-883-7846,,21 Commercial Boulevard,CA,Novato,94949-6146,,,0,,10,true,38.0691821,-122.5311143
21054 Alexander Ct,21054-alexander-ct,,,,0,20,,,Midwest Sign & Screen Printing Supply Company,1-510-732-5800,,21054 Alexander Ct,CA,Hayward,94545-1234,,,0,,10,true,37.6513546,-122.1302749
21063 Forbes St,21063-forbes-st,,,,0,20,,,"Iron Mountain Information Management, LLC",1-510-785-8742,,21063 Forbes St,CA,Hayward,94545-1115,,,0,,10,true,37.648049,-122.134523
212 Shaw Ave Unit 3,212-shaw-ave-unit-3,,,,0,20,,,Cargo Hs LLC,1-415-656-7402,,212 Shaw Ave Unit 3,CA,South San Francisco,94080-6613,,,0,,10,true,37.6407097,-122.4104346
2125 150th Ave,2125-150th-ave,,,,0,20,,,Morgan & Sons,1-510-483-5935,,2125 150th Ave,CA,San Leandro,94578-1371,,,0,,10,true,37.7116947,-122.1222852
213 West Cutting Blvd,213-west-cutting-blvd,,,,0,20,,,"Impact Transload & Rail, LLC",1-510-763-8911,,213 West Cutting Blvd,CA,Richmind,94804-2015,,,0,,10,true,37.9261553,-122.3741563
2150 Kruse Dr,2150-kruse-dr,,,,0,20,,,Kinder Morgan Liquids Terminals LLC,1-408-435-7399,,2150 Kruse Dr,CA,San Jose,95131-1213,,,0,,10,true,37.390256,-121.911428
2167 Francisco Blvd E,2167-francisco-blvd-e,,,,0,20,,,H & H Storage,1-415-453-1144,,2167 Francisco Blvd E,CA,San Rafael,94901-5533,,,0,,10,true,37.9457546,-122.4858292
2170 Cesar Chavez,2170-cesar-chavez,,,,0,20,,,"Ron Blake, Inc.",1-415-495-4201,,2170 Cesar Chavez,CA,San Francisco,94124-1020,,,0,,10,true,37.7497485,-122.3987952
2183 Feliz Dr,2183-feliz-dr,,,,0,20,,,"Pallet Storage, LLC",1-415-898-7363,,2183 Feliz Dr,CA,Novato,94945-1707,,,0,,10,true,38.1174551,-122.5968095
220 Gellert Dr,220-gellert-dr,,,,0,20,,,"South Beach Storage I, LLC",1-415-682-9992,,220 Gellert Dr,CA,San Francisco,94132-1234,,,0,,10,true,37.7300043,-122.492672
220 W Ahwanee Ave,220-w-ahwanee-ave,,,,0,20,,,Storage Services,1-408-734-4888,,220 W Ahwanee Ave,CA,Sunnyvale,94085-1408,,,0,,10,true,37.3978008,-122.0250528
221 Harris Ct,221-harris-ct,,,,0,20,,,"Taylor Freezers of Southern California, Inc.",1-650-837-9686,,221 Harris Ct,CA,South San Francisco,94080-6004,,,0,,10,true,37.6513081,-122.4029238
221 Tennent Ave,221-tennent-ave,,,,0,20,,,Secured Rv Storage,1-510-787-3309,,221 Tennent Ave,CA,Pinole,94564-1639,,,0,,10,true,38.011363,-122.294212
2219 Old Oakland Road,2219-old-oakland-road,,,,0,20,,,"Netflix, Inc.",1-408-399-3700,,2219 Old Oakland Road,CA,San Jose,95131-1402,,,0,,10,true,37.4007252,-121.9031327
222 San Pedro Ave,222-san-pedro-ave,,,,0,20,,,Smartstop Self Storage,1-408-776-3222,,222 San Pedro Ave,CA,Morgan Hill,95037-7812,,,0,,10,true,37.1227225,-121.6423921
2220 Livingston St Ste 200,2220-livingston-st-ste-200,,,,0,20,,,Cumulus Energy Storage Inc,1-925-377-6320,,2220 Livingston St Ste 200,CA,Oakland,94606-5216,,,0,,10,true,37.7813395,-122.2393987
2268 Westborough Boulevard,2268-westborough-boulevard,,,,0,20,,,Bethel Self Storage Park LLC,1-707-486-2045,,2268 Westborough Boulevard,CA,South San Francisco,94080-5435,,,0,,10,true,37.6452944,-122.4519874
2294 Vista Del Rio St,2294-vista-del-rio-st,,,,0,20,,,"Antioch Trailer Storage, Limited Liability Company",1-510-774-0659,,2294 Vista Del Rio St,CA,Crockett,94525-1044,,,0,,10,true,38.0540232,-122.2413097
2305 Chestnut St,2305-chestnut-st,,,,0,20,,,"Sierra Designs, Inc.",1-510-464-2941,,2305 Chestnut St,CA,Oakland,94607-2945,,,0,,10,true,37.8162448,-122.2828096
23119 Eichler St Ste G,23119-eichler-st-ste-g,,,,0,20,,,Schafer Bros. Transfer and Piano Movers,1-310-835-7231,,23119 Eichler St Ste G,CA,Hayward,94545-2795,,,0,,10,true,37.643617,-122.12722
232 S 1st,232-s-1st,,,,0,20,,,Taithan Corporation,1-510-741-9998,,232 S 1st,CA,Richmind,94804-2103,,,0,,10,true,37.9287818,-122.3686236
233 Sansome St Ste 705,233-sansome-st-ste-705,,,,0,20,,,"Foodpro Logistics, LLC",1-909-390-1214,,233 Sansome St Ste 705,CA,San Francisco,94104-2313,,,0,,10,true,37.7926014,-122.4012865
23385 Foley Street,23385-foley-street,,,,0,20,,,Sardo & Sons Warehousing Inc.,1-510-782-6547,,23385 Foley Street,CA,Hayward,94545-1618,,,0,,10,true,37.6421691,-122.1321124
234 Shoreline Hwy,234-shoreline-hwy,,,,0,20,,,Kaze Ltd,1-707-763-3001,,234 Shoreline Hwy,CA,Mill Valley,94941-3605,,,0,,10,true,37.8810355,-122.5240169
23475 Eichler St Bldg 8,23475-eichler-st-bldg-8,,,,0,20,,,"Iron Mountain Information Management, Inc.",1-510-785-5651,,23475 Eichler St Bldg 8,CA,Hayward,94545-2754,,,0,,10,true,37.641779,-122.125286
235 Pine St Ste 1150,235-pine-st-ste-1150,,,,0,20,,,Safe Storage USA,1-510-536-0616,,235 Pine St Ste 1150,CA,San Francisco,94104-2748,,,0,,10,true,37.7919329,-122.4003129
2351 Regina Court,2351-regina-court,,,,0,20,,,Blaylock Mover's,1-408-561-5324,,2351 Regina Court,CA,Santa Clara,95054-1342,,,0,,10,true,37.3960409,-121.9668405
23585 Connecticut St Ste,23585-connecticut-st-ste,,,,0,20,,,Karl & Marlen Fries,1-510-881-0113,,23585 Connecticut St Ste,CA,Hayward,94545-1641,,,0,,10,true,37.6408189,-122.1301603
236 Castro St,236-castro-st,,,,0,20,,,Diana Wang,1-650-969-6760,,236 Castro St,CA,Mountain View,94041-1204,,,0,,10,true,37.3934832,-122.0796389
236 N Santa Cruz Ave Ste 228,236-n-santa-cruz-ave-ste-228,,,,0,20,,,Facilitated Self Discovery,1-408-827-4461,,236 N Santa Cruz Ave Ste 228,CA,Los Gatos,95030-7244,,,0,,10,true,37.2267467,-121.9815278
2371 Princeton Dr,2371-princeton-dr,,,,0,20,,,"Ripple Fulfillment, LLC",1-650-580-9981,,2371 Princeton Dr,CA,San Bruno,94066-3844,,,0,,10,true,37.6184955,-122.433077
2391 West Winton Ave,2391-west-winton-ave,,,,0,20,,,Dhl Supply Chain (usa),1-510-784-7360,,2391 West Winton Ave,CA,Hayward,94545-1101,,,0,,10,true,37.6538489,-122.1375332
24 Bellam Blvd,24-bellam-blvd,,,,0,20,,,"Jan-Ran Enterprises, LLC",1-415-454-1983,,24 Bellam Blvd,CA,San Rafael,94901-5312,,,0,,10,true,37.9586503,-122.5064774
2400 Newport Dr,2400-newport-dr,,,,0,20,,,Discovery Bay Storage,1-925-634-0771,,2400 Newport Dr,CA,Byron,94505-9135,,,0,,10,true,37.8901116,-121.6154761
2411 W 10th St,2411-w-10th-st,,,,0,20,,,"Diablo Storage, LLC",1-925-754-1102,,2411 W 10th St,CA,Antioch,94509-1388,,,0,,10,true,38.0118003,-121.8365255
24154 Clawiter Rd,24154-clawiter-rd,,,,0,20,,,A1 Storage,1-510-782-8951,,24154 Clawiter Rd,CA,Hayward,94545-2214,,,0,,10,true,37.6447465,-122.1196564
24154 Clearwater Rd,24154-clearwater-rd,,,,0,20,,,A1 Mini Warehouses,1-510-782-8951,,24154 Clearwater Rd,CA,Hayward,94545-2214,,,0,,10,true,37.6063621,-122.1178261
2425 Monterey Boulevard,2425-monterey-boulevard,,,,0,20,,,Pause Meditation Pods,1-415-815-8098,,2425 Monterey Boulevard,CA,Oakland,94611-3345,,,0,,10,true,37.8191632,-122.2067195
2440 Newcomb Avenue,2440-newcomb-avenue,,,,0,20,,,By The Bay Storage,1-415-625-3002,,2440 Newcomb Avenue,CA,San Francisco,94124-1332,,,0,,10,true,37.7424755,-122.4016848
24700 Mission Blvd,24700-mission-blvd,,,,0,20,,,Aaaaa Rentaspace,1-510-581-6900,,24700 Mission Blvd,CA,Hayward,94544-1638,,,0,,10,true,37.6617069,-122.0736876
2487 Alum Rock Ave,2487-alum-rock-ave,,,,0,20,,,"Budget Storage, Inc.",1-408-929-0995,,2487 Alum Rock Ave,CA,San Jose,95116-2600,,,0,,10,true,37.3603946,-121.8402707
25087 Eden Ave,25087-eden-ave,,,,0,20,,,Checkerboard Square Warehouse,1-510-427-9057,,25087 Eden Ave,CA,Hayward,94545-2358,,,0,,10,true,37.6400086,-122.1154745
2515 Opalstone Terrace,2515-opalstone-terrace,,,,0,20,,,ALL AMERICAN STORAGE,1-415-499-8461,,2515 Opalstone Terrace,CA,San Rafael,94903-1308,,,0,,10,true,38.0348149,-122.5472395
2530 Zanker Rd,2530-zanker-rd,,,,0,20,,,Nvidia Corporation,1-408-486-2715,,2530 Zanker Rd,CA,San Jose,95131-1127,,,0,,10,true,37.3888632,-121.9226774
25817 Clawiter Rd,25817-clawiter-rd,,,,0,20,,,Ampac Services Inc.,1-916-388-7900,,25817 Clawiter Rd,CA,Hayward,94545-3217,,,0,,10,true,37.631799,-122.121148
2601 Thrasher Ln Ste 1,2601-thrasher-ln-ste-1,,,,0,20,,,Michael Zahares,1-408-978-7010,,2601 Thrasher Ln Ste 1,CA,San Jose,95125-4870,,,0,,10,true,37.27813,-121.8939483
2603 Camino Ramon Ste 200,2603-camino-ramon-ste-200,,,,0,20,,,"Ellis Storage, LLC",1-209-732-7000,,2603 Camino Ramon Ste 200,CA,San Ramon,94583-9137,,,0,,10,true,37.7682073,-121.9594308
2615 E 12th St,2615-e-12th-st,,,,0,20,,,Pacific Trading Ventures,1-510-536-0616,,2615 E 12th St,CA,Oakland,94601-1503,,,0,,10,true,37.7794245,-122.2333248
2615 E 12th Street,2615-e-12th-street,,,,0,20,,,Mystorage,1-510-500-9568,,2615 E 12th Street,CA,Oakland,94601-1503,,,0,,10,true,37.7794245,-122.2333248
26300 Corporate Ave,26300-corporate-ave,,,,0,20,,,Rmsi Warehouse,1-925-759-8818,,26300 Corporate Ave,CA,Hayward,94545-3912,,,0,,10,true,37.6288928,-122.1135699
2636 Judah St,2636-judah-st,,,,0,20,,,Postaldepot,1-415-759-5076,,2636 Judah St,CA,San Francisco,94122-1432,,,0,,10,true,37.7613055,-122.4904723
26557 Danti Ct,26557-danti-ct,,,,0,20,,,"Kawanishi Warehouse Co., Ltd.",1-650-635-2512,,26557 Danti Ct,CA,Hayward,94545-3917,,,0,,10,true,37.6215502,-122.1073582
2659 Castro Valley Blvd,2659-castro-valley-blvd,,,,0,20,,,Casita Sheds,1-510-537-7433,,2659 Castro Valley Blvd,CA,Castro Valley,94546-5409,,,0,,10,true,37.6937055,-122.0873174
2660 W Winton Ave,2660-w-winton-ave,,,,0,20,,,"Kuehne + Nagel, Inc.",1-510-785-555,,2660 W Winton Ave,CA,Hayward,94545-1108,,,0,,10,true,37.6508929,-122.1417615
268 Sonoma St,268-sonoma-st,,,,0,20,,,I C C Warehouse,1-408-295-9080,,268 Sonoma St,CA,San Jose,95110-2624,,,0,,10,true,37.327681,-121.8966081
2699 Bridle Ln,2699-bridle-ln,,,,0,20,,,Space Management Solution,1-925-932-8797,,2699 Bridle Ln,CA,Walnut Creek,94596-6539,,,0,,10,true,37.8696923,-122.0328906
2700 7th St,2700-7th-st,,,,0,20,,,"University of California, Berkeley",1-510-486-5151,,2700 7th St,CA,Berkeley,94710-2602,,,0,,10,true,37.85565,-122.294808
2714 Monument Ct,2714-monument-ct,,,,0,20,,,Monument Court Mini Storage,1-925-798-6464,,2714 Monument Ct,CA,Concord,94520-3144,,,0,,10,true,37.962157,-122.030478
2721 Shattuck Ave,2721-shattuck-ave,,,,0,20,,,Uc Storage,1-510-841-3241,,2721 Shattuck Ave,CA,Berkeley,94705-1008,,,0,,10,true,37.8596815,-122.2667623
2729 Debbie Ct,2729-debbie-ct,,,,0,20,,,"Imago Biosciences, Inc.",1-217-714-5202,,2729 Debbie Ct,CA,San Carlos,94070-4323,,,0,,10,true,37.4834648,-122.2656767
2743 San Pablo Ave,2743-san-pablo-ave,,,,0,20,,,Economy Self Storage,1-510-839-1889,,2743 San Pablo Ave,CA,Oakland,94612-1125,,,0,,10,true,37.818578,-122.276245
275 Willowbrook Dr,275-willowbrook-dr,,,,0,20,,,Shed Services Inc.,1-855-708-7433,,275 Willowbrook Dr,CA,Portola Valley,94028-7839,,,0,,10,true,37.3709104,-122.2190091
2750 Adeline St Ste D,2750-adeline-st-ste-d,,,,0,20,,,"Nexcut, LLC",1-877-876-3928,,2750 Adeline St Ste D,CA,Berkeley,94703-2279,,,0,,10,true,37.8585304,-122.2680916
2750 California Avenue,2750-california-avenue,,,,0,20,,,Storage Pro,1-925-231-0756,,2750 California Avenue,CA,Pittsburg,94565-4100,,,0,,10,true,38.0119928,-121.8523277
2750 Goodrick Ave,2750-goodrick-ave,,,,0,20,,,PERTEK INC,1-510-232-8313,,2750 Goodrick Ave,CA,Richmind,94801-1110,,,0,,10,true,37.972125,-122.363788
2793 Spring St,2793-spring-st,,,,0,20,,,Mini-Warehouse Company,1-650-364-6930,,2793 Spring St,CA,Redwood City,94063-3523,,,0,,10,true,37.4821568,-122.2061309
2801 Mckee Rd,2801-mckee-rd,,,,0,20,,,Mc Kee Road Mini Storage,1-408-926-9200,,2801 Mckee Rd,CA,San Jose,95127-1831,,,0,,10,true,37.372135,-121.841038
2801 Vicente St,2801-vicente-st,,,,0,20,,,M & S Central Warehouse,1-415-504-8188,,2801 Vicente St,CA,San Francisco,94116-2721,,,0,,10,true,37.7380892,-122.4973585
28301 Industrial Blvd,28301-industrial-blvd,,,,0,20,,,Christensen Herman & Sons,1-510-780-499,,28301 Industrial Blvd,CA,Hayward,94545-4429,,,0,,10,true,37.6181359,-122.0963932
284 Harbor Way,284-harbor-way,,,,0,20,,,B2 Express Inc,1-650-872-8988,,284 Harbor Way,CA,South San Francisco,94080-6816,,,0,,10,true,37.647458,-122.400678
28410 Hesperian Boulevard,28410-hesperian-boulevard,,,,0,20,,,Bailey Hayward Self Storage LP DBA Self,1-619-440-7867,,28410 Hesperian Boulevard,CA,Hayward,94545-4853,,,0,,10,true,37.618976,-122.088197
28500 Mission Blvd Apt 805,28500-mission-blvd-apt-805,,,,0,20,,,Luceros Ice Cold Air,1-510-460-5744,,28500 Mission Blvd Apt 805,CA,Hayward,94544,,,0,,10,true,37.6376619,-122.0537775
2851 Cutler Ave,2851-cutler-ave,,,,0,20,,,"Tikj, Inc",1-510-818-1715,,2851 Cutler Ave,CA,Fremont,94536-2545,,,0,,10,true,37.5737136,-122.0148163
28701 Hall Road,28701-hall-road,,,,0,20,,,"Macy's, Inc",1-510-887-7333,,28701 Hall Road,CA,Hayward,94545-5020,,,0,,10,true,37.6162562,-122.0856974
29303 Pacific Street,29303-pacific-street,,,,0,20,,,Norcal Tow Storage,1-510-537-9000,,29303 Pacific Street,CA,Hayward,94544-6017,,,0,,10,true,37.6285507,-122.0550658
29505 Pacific St,29505-pacific-st,,,,0,20,,,"Mobile Mini, Inc.",1-510-690-1940,,29505 Pacific St,CA,Hayward,94544-6021,,,0,,10,true,37.626855,-122.053774
300 A Avenue,300-a-avenue,,,,0,20,,,C F S Bobac Corp,1-510-748-3730,,300 A Avenue,CA,Alameda,94501-6429,,,0,,10,true,37.7652065,-122.2416355
300 Brannan Street,300-brannan-street,,,,0,20,,,Stack Storage,1-415-829-8108,,300 Brannan Street,CA,San Francisco,94107-1845,,,0,,10,true,37.7818188,-122.3925242
300 W Ohio Ave,300-w-ohio-ave,,,,0,20,,,Storage House,1-415-419-8472,,300 W Ohio Ave,CA,Richmind,94804-2035,,,0,,10,true,37.9306798,-122.3726735
3000 Citrus Cir Ste 111,3000-citrus-cir-ste-111,,,,0,20,,,California Farmers Market,1-925-465-4690,,3000 Citrus Cir Ste 111,CA,Walnut Creek,94598-2625,,,0,,10,true,37.929279,-122.014819
3012 Alvarado St,3012-alvarado-st,,,,0,20,,,"Dependable Highway Express, Inc.",1-510-357-2223,,3012 Alvarado St,CA,San Leandro,94577-5735,,,0,,10,true,37.7052071,-122.1491134
3012 Orthello Way,3012-orthello-way,,,,0,20,,,Storage Peripherals,1-408-985-9166,,3012 Orthello Way,CA,Santa Clara,95051-3758,,,0,,10,true,37.3480802,-121.9804802
30166 Industrial Pkwy Sw Ste 104,30166-industrial-pkwy-sw-ste-104,,,,0,20,,,Appliance Direct Services Inc.,1-614-290-2329,,30166 Industrial Pkwy Sw Ste 104,CA,Hayward,94544-6906,,,0,,10,true,,
303 Cutty Ct,303-cutty-ct,,,,0,20,,,Celtic Moving & Storage,1-650-355-2331,,303 Cutty Ct,CA,Pacifica,94044-1488,,,0,,10,true,37.6540683,-122.4880958
30311 Whipple Rd Bldg M,30311-whipple-rd-bldg-m,,,,0,20,,,"Thyssenkrupp Industrial Services Na, Inc.",1-510-675-9631,,30311 Whipple Rd Bldg M,CA,Union City,94587-1526,,,0,,10,true,37.6014696,-122.0878819
30321 Whipple Rd,30321-whipple-rd,,,,0,20,,,B.S.s Trucking Inc,1-510-471-3030,,30321 Whipple Rd,CA,Union City,94587-1526,,,0,,10,true,37.6014641,-122.0879831
30640 San Clemente St,30640-san-clemente-st,,,,0,20,,,Samuel Son & Co. Inc.,1-323-722-0300,,30640 San Clemente St,CA,Hayward,94544-7132,,,0,,10,true,37.6177519,-122.051872
30805 Santana St,30805-santana-st,,,,0,20,,,Kuehne + Nagel Inc.,1-510-477-2620,,30805 Santana St,CA,Hayward,94544-7030,,,0,,10,true,37.614365,-122.058058
30870 San Clemente St,30870-san-clemente-st,,,,0,20,,,"Servex, Inc.",1-510-429-2929,,30870 San Clemente St,CA,Hayward,94544-7135,,,0,,10,true,37.6157306,-122.0514964
3101 Valley Ave,3101-valley-ave,,,,0,20,,,"Cubesmart, L.P.",1-925-249-0004,,3101 Valley Ave,CA,Pleasanton,94566-4807,,,0,,10,true,37.672728,-121.8586216
315 Magnolia St,315-magnolia-st,,,,0,20,,,"Roadex Cargo Services, Inc.",1-650-243-3300,,315 Magnolia St,CA,Oakland,94607-1809,,,0,,10,true,37.8014919,-122.2903554
3160 W Bayshore,3160-w-bayshore,,,,0,20,,,"Datasafe, Inc.",1-650-875-3800,,3160 W Bayshore,CA,Palo Alto,94303-4042,,,0,,10,true,37.4383618,-122.113389
3176 Porter Dr,3176-porter-dr,,,,0,20,,,Lockheed Martin Corporation,1-408-742-4321,,3176 Porter Dr,CA,Palo Alto,94304-1212,,,0,,10,true,37.4071557,-122.1493244
320 Hillcrest Rd,320-hillcrest-rd,,,,0,20,,,Hollister Cold Storage Co,1-831-637-8800,,320 Hillcrest Rd,CA,Hollister,95023-5062,,,0,,10,true,36.8483095,-121.3918993
324 S Main St,324-s-main-st,,,,0,20,,,Central Self Storage,1-408-262-4000,,324 S Main St,CA,Milpitas,95035-5317,,,0,,10,true,37.424131,-121.9044
32920 Alvarado Niles Rd Ste 220,32920-alvarado-niles-rd-ste-220,,,,0,20,,,"Fulfillment Dynamics, LLC",1-510-324-3300,,32920 Alvarado Niles Rd Ste 220,CA,Union City,94587-8102,,,0,,10,true,37.5961736,-122.0465434
33 Lewis Rd,33-lewis-rd,,,,0,20,,,Caravan Rv Storage,1-408-225-2869,,33 Lewis Rd,CA,San Jose,95111-2157,,,0,,10,true,37.2912682,-121.8473432
33001-A Dowe Ave,33001-a-dowe-ave,,,,0,20,,,Pcs Logistics Corp,1-510-471-0100,,33001-A Dowe Ave,CA,Union City,94587-3164,,,0,,10,true,37.601065,-122.044596
3308 Valley Vista Rd,3308-valley-vista-rd,,,,0,20,,,PLATFORM ENERGY AND STORAGE LLC,1-925-322-3435,,3308 Valley Vista Rd,CA,Walnut Creek,94598-3944,,,0,,10,true,37.9215112,-122.0076213
33200 Dowe Ave,33200-dowe-ave,,,,0,20,,,"C.R. Laurence Co., Inc.",1-510-475-1000,,33200 Dowe Ave,CA,Union City,94587-2013,,,0,,10,true,37.5990486,-122.0427258
333 Franklin St Apt 3,333-franklin-st-apt-3,,,,0,20,,,"Rjmoving, LLC",1-650-808-7706,,333 Franklin St Apt 3,CA,Mountain View,94041-2807,,,0,,10,true,37.3927959,-122.0820357
33333 Lewis St,33333-lewis-st,,,,0,20,,,Yans International Inc,1-510-489-7999,,33333 Lewis St,CA,Union City,94587-2205,,,0,,10,true,37.5985059,-122.0309145
33400 Dowe Avenue,33400-dowe-avenue,,,,0,20,,,U.S.cold Storage of California,1-949-874-7925,,33400 Dowe Avenue,CA,Union City,94587-2038,,,0,,10,true,37.5949658,-122.0423706
336 12th St,336-12th-st,,,,0,20,,,Steve Szeto,1-510-268-1706,,336 12th St,CA,Oakland,94607-4218,,,0,,10,true,37.8019896,-122.2692393
336 Oyster Point Blvd,336-oyster-point-blvd,,,,0,20,,,Iron Mountain Incorporated,1-800-899-4766,,336 Oyster Point Blvd,CA,South San Francisco,94080-1912,,,0,,10,true,37.661493,-122.3860183
34015 7th St,34015-7th-st,,,,0,20,,,Shamrock Storage,1-510-324-8891,,34015 7th St,CA,Union City,94587-3610,,,0,,10,true,37.5957767,-122.0139502
3402 Enterprise Ave,3402-enterprise-ave,,,,0,20,,,AGR Warehouse Inc,1-510-785-5100,,3402 Enterprise Ave,CA,Hayward,94545-3202,,,0,,10,true,37.6326599,-122.1230617
342 Allerton Ave,342-allerton-ave,,,,0,20,,,Act2 Services,1-415-468-2220,,342 Allerton Ave,CA,South San Francisco,94080-4815,,,0,,10,true,37.6530767,-122.3903556
345 Shaw Rd,345-shaw-rd,,,,0,20,,,Allstore Center Self Storage,1-650-873-8020,,345 Shaw Rd,CA,South San Francisco,94080-6607,,,0,,10,true,37.6387331,-122.4060435
345 Towncentre Ter,345-towncentre-ter,,,,0,20,,,Brentwood Towncentre Self Storage,1-925-516-7070,,345 Towncentre Ter,CA,Brentwood,94513-2207,,,0,,10,true,37.9390418,-121.7025688
3510 Alpine Road,3510-alpine-road,,,,0,20,,,Boombox Storage,1-650-815-8328,,3510 Alpine Road,CA,Portola Valley,94028-7747,,,0,,10,true,37.3909927,-122.1915885
3525 Arden Rd,3525-arden-rd,,,,0,20,,,Zippy Shell Bay Area,1-510-789-0599,,3525 Arden Rd,CA,Hayward,94545-3909,,,0,,10,true,37.6237933,-122.114099
3526 Investment Boulevard,3526-investment-boulevard,,,,0,20,,,Fort Knox Storage,1-650-872-0100,,3526 Investment Boulevard,CA,Hayward,94545-3707,,,0,,10,true,37.6241757,-122.1204127
355 W Hedding St,355-w-hedding-st,,,,0,20,,,J D Mini Storage San Jose,1-408-293-7616,,355 W Hedding St,CA,San Jose,95110-1633,,,0,,10,true,37.3489985,-121.9125539
3550 Camino Tassajara,3550-camino-tassajara,,,,0,20,,,Danville Self Storage,1-925-736-1001,,3550 Camino Tassajara,CA,Danville,94506-4618,,,0,,10,true,37.7976839,-121.915729
35769 Dering Pl,35769-dering-pl,,,,0,20,,,GEORGES GENERAL STOR,1-510-366-2400,,35769 Dering Pl,CA,Fremont,94536-3414,,,0,,10,true,37.5699532,-122.0203233
3601 Junipero Serra Blvd,3601-junipero-serra-blvd,,,,0,20,,,"Extra Space Management, Inc.",1-650-994-4211,,3601 Junipero Serra Blvd,CA,Colma,94014-3214,,,0,,10,true,37.682396,-122.47025
364 Littlefield Ave,364-littlefield-ave,,,,0,20,,,All West Park Associates,1-650-589-6821,,364 Littlefield Ave,CA,South San Francisco,94080-6103,,,0,,10,true,37.6482009,-122.3944135
3701 Collins Ave Ste 6b,3701-collins-ave-ste-6b,,,,0,20,,,Agex Inc.,1-510-237-0097,,3701 Collins Ave Ste 6b,CA,San Pablo,94806-1713,,,0,,10,true,37.9816421,-122.3538816
3722 Old Santa Rita Rd,3722-old-santa-rita-rd,,,,0,20,,,Hacienda Self Storage,1-925-227-1010,,3722 Old Santa Rita Rd,CA,Pleasanton,94588-3457,,,0,,10,true,37.6973421,-121.8781391
373 S Claremont St,373-s-claremont-st,,,,0,20,,,"Squires & Corrie Slot Machines, Inc.",1-650-342-6737,,373 S Claremont St,CA,San Mateo,94401-3323,,,0,,10,true,37.566278,-122.3200301
37370 Birch St,37370-birch-st,,,,0,20,,,Newark Unified School District,1-510-818-4271,,37370 Birch St,CA,Newark,94560-4138,,,0,,10,true,37.5356351,-122.0242979
3744 St Francis Drive,3744-st-francis-drive,,,,0,20,,,"Stash It Storage, LLC",1-925-283-5093,,3744 St Francis Drive,CA,Lafayette,94549-3037,,,0,,10,true,37.9038085,-122.1333989
37555 Sycamore Street Ste 4,37555-sycamore-street-ste-4,,,,0,20,,,Material Handling & Storage Inc,1-510-505-7855,,37555 Sycamore Street Ste 4,CA,Newark,94560-3939,,,0,,10,true,37.525869,-122.0315806
38 Keyes Ave Ste 200,38-keyes-ave-ste-200,,,,0,20,,,"Vintrust, Inc.",1-877-846-8787,,38 Keyes Ave Ste 200,CA,San Francisco,94129-1769,,,0,,10,true,37.7995978,-122.4566758
3800 Narvaez Ave,3800-narvaez-ave,,,,0,20,,,ADRIAN'S ENTERPRISES,1-408-269-2338,,3800 Narvaez Ave,CA,San Jose,95136-1210,,,0,,10,true,37.2762465,-121.8601304
3800 Narvaez Ave,3800-narvaez-ave-2,,,,0,20,,,"Voicebase, Inc.",1-415-886-7799,,3800 Narvaez Ave,CA,San Jose,95136-1210,,,0,,10,true,37.2762465,-121.8601304
3939 Castro Valley Blvd,3939-castro-valley-blvd,,,,0,20,,,"Extra Space Management, Inc.",1-510-886-3000,,3939 Castro Valley Blvd,CA,Castro Valley,94546-6001,,,0,,10,true,37.6929309,-122.0665887
4 Orinda Way Ste 180c,4-orinda-way-ste-180c,,,,0,20,,,Jefferson Storage Partners LLC,1-925-969-1936,,4 Orinda Way Ste 180c,CA,Orinda,94563-2512,,,0,,10,true,37.8811802,-122.1847767
4000 Industrial Way,4000-industrial-way,,,,0,20,,,Cool Box Portable Storage,1-855-759-1022,,4000 Industrial Way,CA,Concord,94520-1289,,,0,,10,true,38.012812,-122.0338897
4004 Adeline St,4004-adeline-st,,,,0,20,,,CITY STORAGE EMERYVILLE,1-510-295-4100,,4004 Adeline St,CA,Emeryville,94608-3627,,,0,,10,true,37.8315779,-122.277706
401 Lesser Street,401-lesser-street,,,,0,20,,,"Waterside Warehousing, LLC",1-510-328-1944,,401 Lesser Street,CA,Oakland,94601-4901,,,0,,10,true,37.7629461,-122.2205178
4013 Wipple Rd,4013-wipple-rd,,,,0,20,,,"Genesis Logistics, Inc",1-510-476-0790,,4013 Wipple Rd,CA,Union City,94587-1521,,,0,,10,true,37.605713,-122.0854835
405 Industrial Rd,405-industrial-rd,,,,0,20,,,Jj Storage San Carlos,1-650-591-7000,,405 Industrial Rd,CA,San Carlos,94070-2605,,,0,,10,true,37.5129989,-122.2580555
4054 Pike Ln,4054-pike-ln,,,,0,20,,,John Crane Inc.,1-925-674-1330,,4054 Pike Ln,CA,Concord,94520-1227,,,0,,10,true,38.0120002,-122.0311447
40745 Encyclopedia Cir,40745-encyclopedia-cir,,,,0,20,,,"Home Depot U.S.A., Inc.",1-510-353-9370,,40745 Encyclopedia Cir,CA,Fremont,94538-2451,,,0,,10,true,37.514008,-121.9858054
4085 20th St,4085-20th-st,,,,0,20,,,The Storage Guys,1-415-647-3111,,4085 20th St,CA,San Francisco,94114-2910,,,0,,10,true,37.757612,-122.43188
4101 Dublin Boulevard,4101-dublin-boulevard,,,,0,20,,,All Star Movers & Storage LLC,1-844-770-7827,,4101 Dublin Boulevard,CA,Dublin,94568-4592,,,0,,10,true,37.7061392,-121.8738806
41049 Boyce Rd,41049-boyce-rd,,,,0,20,,,THE RK LOGISTICS GROUP INC,1-800-821-7770,,41049 Boyce Rd,CA,Fremont,94538,,,0,,10,true,37.511963,-121.9927703
41099 Boyce Road,41099-boyce-road,,,,0,20,,,Moishe's Mobile Storage,1-510-993-4250,,41099 Boyce Road,CA,Fremont,94538-2434,,,0,,10,true,37.5104612,-121.9919194
4174 Rennellwood Way,4174-rennellwood-way,,,,0,20,,,"My Storage Solution, LLC",1-925-899-4823,,4174 Rennellwood Way,CA,Pleasanton,94566-4724,,,0,,10,true,37.679453,-121.8705148
422 Preston Ct,422-preston-ct,,,,0,20,,,Rai,1-925-443-8111,,422 Preston Ct,CA,Livermore,94551-9679,,,0,,10,true,37.7007707,-121.736444
42285 Osgood Road,42285-osgood-road,,,,0,20,,,Speed Image USA,1-510-573-1998,,42285 Osgood Road,CA,Fremont,94539-5063,,,0,,10,true,37.5264845,-121.950955
425 Bel Marin Keys Blvd,425-bel-marin-keys-blvd,,,,0,20,,,Empire Storage Novato,1-415-883-3910,,425 Bel Marin Keys Blvd,CA,Novato,94949-5644,,,0,,10,true,38.0761614,-122.5373253
42816 Osgood Rd,42816-osgood-rd,,,,0,20,,,Lockaway Storage Inc,1-510-659-1588,,42816 Osgood Rd,CA,Fremont,94539-5627,,,0,,10,true,37.5242765,-121.947711
430 N Canal St Ste 20,430-n-canal-st-ste-20,,,,0,20,,,CAVALRY EMPIRE,1-650-588-8945,,430 N Canal St Ste 20,CA,South San Francisco,94080-4665,,,0,,10,true,37.6521722,-122.413936
43015 Osgood Rd,43015-osgood-rd,,,,0,20,,,ALL SEASONS STORAGE,1-510-656-9282,,43015 Osgood Rd,CA,Fremont,94539-5628,,,0,,10,true,37.522055,-121.948522
43015 Osgood Road,43015-osgood-road,,,,0,20,,,Storage Solutions Fremont,1-510-656-9282,,43015 Osgood Road,CA,Fremont,94539-5628,,,0,,10,true,37.522055,-121.948522
43033 Osgood Rd,43033-osgood-rd,,,,0,20,,,Holiday Storage,1-510-657-9596,,43033 Osgood Rd,CA,Fremont,94539-5628,,,0,,10,true,37.5218031,-121.947711
43990 Fremont Blvd,43990-fremont-blvd,,,,0,20,,,Yuma American Cooling Systems,1-510-656-2220,,43990 Fremont Blvd,CA,Fremont,94538-6057,,,0,,10,true,37.5101456,-121.9496441
44301 Fremont Blvd,44301-fremont-blvd,,,,0,20,,,California Self Storage,1-510-656-7066,,44301 Fremont Blvd,CA,Fremont,94538-6044,,,0,,10,true,37.5057221,-121.9506565
444 Bridge Rd,444-bridge-rd,,,,0,20,,,Nb LLC,1-510-384-9731,,444 Bridge Rd,CA,Walnut Creek,94595-1358,,,0,,10,true,37.8890454,-122.071749
444 Doolittle Dr,444-doolittle-dr,,,,0,20,,,"Iron Mountain Information Management, Inc.",1-510-351-8500,,444 Doolittle Dr,CA,San Leandro,94577-1016,,,0,,10,true,37.7218799,-122.1931403
445 E Brokaw Rd,445-e-brokaw-rd,,,,0,20,,,Brokaw Self Storage LLC,1-408-436-8700,,445 E Brokaw Rd,CA,San Jose,95112-1002,,,0,,10,true,37.3789809,-121.9111367
4450 Monterey Hwy,4450-monterey-hwy,,,,0,20,,,"El Camino Packing, Inc.",1-408-848-4269,,4450 Monterey Hwy,CA,Gilroy,95020-8030,,,0,,10,true,37.2721953,-121.8284795
4450 Monterey Hwy,4450-monterey-hwy-2,,,,0,20,,,Signature Irrigation Inc.,1-408-846-8991,,4450 Monterey Hwy,CA,Gilroy,95020-8030,,,0,,10,true,37.2721953,-121.8284795
44705 Osgood Road,44705-osgood-road,,,,0,20,,,Osgood Road Storage,1-510-894-6459,,44705 Osgood Road,CA,Fremont,94539-6405,,,0,,10,true,37.5081932,-121.9398888
44901 Industrial Dr,44901-industrial-dr,,,,0,20,,,Te Connectivity Corporation,1-650-361-5178,,44901 Industrial Dr,CA,Fremont,94538-6486,,,0,,10,true,37.4994613,-121.9528214
45 Springfield Dr,45-springfield-dr,,,,0,20,,,AM Suk Co Ltd,1-415-759-7370,,45 Springfield Dr,CA,San Francisco,94132-1454,,,0,,10,true,37.7332131,-122.4883611
450 Charcot Ave,450-charcot-ave,,,,0,20,,,Corovan Moving & Storage Co.,1-408-428-1100,,450 Charcot Ave,CA,San Jose,95131-1105,,,0,,10,true,37.3828613,-121.9133539
4545 Crow Canyon Pl,4545-crow-canyon-pl,,,,0,20,,,"Aaaaa Space Shuttle Storage, Inc",1-510-727-1800,,4545 Crow Canyon Pl,CA,Castro Valley,94552-4803,,,0,,10,true,37.6963944,-122.0554681
45885 Hotchkiss St,45885-hotchkiss-st,,,,0,20,,,"Slingshot Power, Pbc",1-650-383-5069,,45885 Hotchkiss St,CA,Fremont,94539-7004,,,0,,10,true,37.496185,-121.9304688
461 9th St,461-9th-st,,,,0,20,,,Marion and Rose's Workshop,1-510-250-9338,,461 9th St,CA,Oakland,94607-4047,,,0,,10,true,37.8009638,-122.2738683
480 Brokaw Road,480-brokaw-road,,,,0,20,,,Cool Box Portable Storage,1-855-709-7490,,480 Brokaw Road,CA,Santa Clara,95050-4348,,,0,,10,true,37.3538929,-121.9357561
4800 La Habra St,4800-la-habra-st,,,,0,20,,,Depot Road Properties LLC,1-510-265-1320,,4800 La Habra St,CA,Union City,94587-5552,,,0,,10,true,37.5717823,-122.0669216
48900 Milmont Dr,48900-milmont-dr,,,,0,20,,,Fulsource,1-510-651-1139,,48900 Milmont Dr,CA,Fremont,94538-7316,,,0,,10,true,37.4605989,-121.9204662
48900 Milmont Dr,48900-milmont-dr-2,,,,0,20,,,"Io Logistics, Inc.",1-510-651-1139,,48900 Milmont Dr,CA,Fremont,94538-7316,,,0,,10,true,37.4605989,-121.9204662
49 Geary St Ste 530,49-geary-st-ste-530,,,,0,20,,,STOREFRONT,1-415-754-0108,,49 Geary St Ste 530,CA,San Francisco,94108-5731,,,0,,10,true,37.7876041,-122.4042781
491 Reynolds Cir,491-reynolds-cir,,,,0,20,,,St Joe Storage,1-208-245-1893,,491 Reynolds Cir,CA,San Jose,95112-1122,,,0,,10,true,37.3704808,-121.9077275
4917 Appian Way,4917-appian-way,,,,0,20,,,Amerin Auto Towing and Repair,1-510-669-1800,,4917 Appian Way,CA,El Sobrante,94803-1917,,,0,,10,true,37.9757326,-122.2987
50 Curtner Ave,50-curtner-ave,,,,0,20,,,"Susa Partnership, L.P.",1-408-369-9850,,50 Curtner Ave,CA,Campbell,95008-6102,,,0,,10,true,37.2715711,-121.9458001
50 Greenfield Ave,50-greenfield-ave,,,,0,20,,,Export Bev LLC,1-619-327-4777,,50 Greenfield Ave,CA,San Anselmo,94960-2415,,,0,,10,true,37.9761485,-122.5598773
50 Harvord Dr,50-harvord-dr,,,,0,20,,,"Zim Diversified, Inc.",1-415-927-1139,,50 Harvord Dr,CA,Larkspur,94939-1108,,,0,,10,true,37.9453449,-122.5391966
50 W Oriskany Ave,50-w-oriskany-ave,,,,0,20,,,"Alameda Point Storage, Inc.",1-510-769-7867,,50 W Oriskany Ave,CA,Alameda,94501-7544,,,0,,10,true,37.7750138,-122.2914044
509 Fairview Way,509-fairview-way,,,,0,20,,,Kaylux,1-650-303-9159,,509 Fairview Way,CA,Milpitas,95035-3059,,,0,,10,true,37.445604,-121.91794
51 Diablo Creek Pl,51-diablo-creek-pl,,,,0,20,,,Danville Open Space Committee,1-925-831-1498,,51 Diablo Creek Pl,CA,Danville,94506-2053,,,0,,10,true,37.8291121,-121.9522437
51 Federal St Ste 202,51-federal-st-ste-202,,,,0,20,,,"Security Public Storage - Salinas, A California Limited Partnership",1-415-861-5100,,51 Federal St Ste 202,CA,San Francisco,94107-1447,,,0,,10,true,37.7834782,-122.3917276
5115 Clayton Rd,5115-clayton-rd,,,,0,20,,,"Tkg-Storagemart Partners, L.P.",1-925-689-7475,,5115 Clayton Rd,CA,Concord,94521-3101,,,0,,10,true,37.9560216,-121.9675625
5115 Clayton Rd Ste C,5115-clayton-rd-ste-c,,,,0,20,,,Clayton Road Mini Storage Inc,1-925-689-7475,,5115 Clayton Rd Ste C,CA,Concord,94521-3101,,,0,,10,true,37.9560216,-121.9675625
5200 Coliseum Way,5200-coliseum-way,,,,0,20,,,Smart Stop Self Storage,1-510-406-0658,,5200 Coliseum Way,CA,Oakland,94601-5018,,,0,,10,true,37.763519,-122.2123596
5201 Great America Pkwy Ste 320,5201-great-america-pkwy-ste-320,,,,0,20,,,"Atria Data Systems, Llc.",1-408-730-2660,,5201 Great America Pkwy Ste 320,CA,Santa Clara,95054-1122,,,0,,10,true,37.4063062,-121.9764933
525 Du Bois St,525-du-bois-st,,,,0,20,,,Pandi Mini Storage,1-415-459-6605,,525 Du Bois St,CA,San Rafael,94901-3965,,,0,,10,true,37.964781,-122.518637
5310 Riverside Ave,5310-riverside-ave,,,,0,20,,,San Pablo Mini Storage,1-510-235-1811,,5310 Riverside Ave,CA,San Pablo,94806-4022,,,0,,10,true,37.951884,-122.328262
5334 Fairside Way,5334-fairside-way,,,,0,20,,,Golden State Shower Door & Storefront Inc,1-510-894-9444,,5334 Fairside Way,CA,Antioch,94531-9013,,,0,,10,true,37.9623948,-121.7516701
535 Las Animas Ave,535-las-animas-ave,,,,0,20,,,Leblanc,1-408-842-9708,,535 Las Animas Ave,CA,Gilroy,95020-3506,,,0,,10,true,37.0335849,-121.573671
535 Mission St,535-mission-st,,,,0,20,,,"Voicebase, Inc.",1-650-897-5170,,535 Mission St,CA,San Francisco,94105-2997,,,0,,10,true,37.788866,-122.39821
555 33rd Avenue,555-33rd-avenue,,,,0,20,,,Golden Gate Garage Storage,1-415-634-5570,,555 33rd Avenue,CA,San Francisco,94121-2715,,,0,,10,true,37.778584,-122.4935342
"555 Maritime St, Bldg 412",555-maritime-st-bldg-412,,,,0,20,,,Pacific Commodities Transportation Incorporated,1-510-433-0405,,"555 Maritime St, Bldg 412",CA,Oakland,94607-1012,,,0,,10,true,37.8047118,-122.3124958
555 Maritime St Ste 516,555-maritime-st-ste-516,,,,0,20,,,Unicold Corporation,1-510-834-9212,,555 Maritime St Ste 516,CA,Oakland,94607-1019,,,0,,10,true,37.8047118,-122.3124958
555 Pine St,555-pine-st,,,,0,20,,,Westcoast Self Storage Daily City,1-650-992-1111,,555 Pine St,CA,San Francisco,94108-3206,,,0,,10,true,37.7913373,-122.4049151
560 Highland Dr,560-highland-dr,,,,0,20,,,"North Bay Storage Partners, LLC",1-925-743-0850,,560 Highland Dr,CA,Danville,94526-3711,,,0,,10,true,37.8100329,-122.008665
5629 Schooner Loop,5629-schooner-loop,,,,0,20,,,Johnson Storage,1-925-308-4758,,5629 Schooner Loop,CA,Discovery Bay,94505-9211,,,0,,10,true,37.901815,-121.59392
565 Sinclair Frontage Rd,565-sinclair-frontage-rd,,,,0,20,,,"Iron Mountain Fulfillment Services, Inc.",1-408-945-1600,,565 Sinclair Frontage Rd,CA,Milpitas,95035-5413,,,0,,10,true,37.4263391,-121.8856115
565 Sinclair Frontage Rd,565-sinclair-frontage-rd-2,,,,0,20,,,"Iron Mountain Fulfillment Services, Inc.",1-408-945-1600,,565 Sinclair Frontage Rd,CA,Milpitas,95035-5413,,,0,,10,true,37.4263391,-121.8856115
565 Sinclair Frontage Rd,565-sinclair-frontage-rd-3,,,,0,20,,,Amware Fulfillment LLC,1-408-945-1600,,565 Sinclair Frontage Rd,CA,Milpitas,95035-5413,,,0,,10,true,37.4263391,-121.8856115
565 Sinclair Frontage Rd,565-sinclair-frontage-rd-4,,,,0,20,,,Iron Mountain Incorporated,1-408-945-1600,,565 Sinclair Frontage Rd,CA,Milpitas,95035-5413,,,0,,10,true,37.4263391,-121.8856115
574 Eccles Ave,574-eccles-ave,,,,0,20,,,"Datasafe, Inc.",1-650-875-3800,,574 Eccles Ave,CA,San Francisco,94080-1905,,,0,,10,true,37.660719,-122.388946
5785 Las Positas Rd,5785-las-positas-rd,,,,0,20,,,"Record Xpress of California, LLC",1-925-373-1122,,5785 Las Positas Rd,CA,Livermore,94551-7819,,,0,,10,true,37.7010316,-121.7242709
586 Stockton Ave,586-stockton-ave,,,,0,20,,,AAA Self Storage,1-831-475-0190,,586 Stockton Ave,CA,San Jose,95126-2464,,,0,,10,true,37.3388006,-121.9110201
5890 Stoneridge Drive Ste 102,5890-stoneridge-drive-ste-102,,,,0,20,,,Bayou Storage Solutions,1-925-519-9142,,5890 Stoneridge Drive Ste 102,CA,Pleasanton,94588,,,0,,10,true,37.6909047,-121.8976608
5918 Stone Ridge Mall Rd,5918-stone-ridge-mall-rd,,,,0,20,,,"Safeway Stores 44, Inc.",1-925-467-3000,,5918 Stone Ridge Mall Rd,CA,Pleasanton,94588-3229,,,0,,10,true,37.6973578,-121.9329515
5926 Cypress Point Dr,5926-cypress-point-dr,,,,0,20,,,"Safe-Hold Storage, LLC",1-925-548-1245,,5926 Cypress Point Dr,CA,Livermore,94551-5668,,,0,,10,true,37.7241751,-121.7264257
600 Amador St,600-amador-st,,,,0,20,,,American Storage Unlimited Inc,1-415-824-2338,,600 Amador St,CA,San Francisco,94124-1241,,,0,,10,true,37.7456361,-122.3842789
600 Amador St,600-amador-st-2,,,,0,20,,,"Aardvark Storage Unlimited, Inc.",1-800-863-5820,,600 Amador St,CA,San Francisco,94124-1241,,,0,,10,true,37.7456361,-122.3842789
6005 Scarlett Ct,6005-scarlett-ct,,,,0,20,,,Dublin Security Storage,1-925-828-1888,,6005 Scarlett Ct,CA,Dublin,94568-3119,,,0,,10,true,37.7043803,-121.9030847
601 N King Rd,601-n-king-rd,,,,0,20,,,STORAGEPRO SAN JOSE,1-408-560-0511,,601 N King Rd,CA,San Jose,95133-1707,,,0,,10,true,37.3630025,-121.866821
601 Van NeCA Ave Ste E,601-van-neca-ave-ste-e,,,,0,20,,,"UPS Supply Chain Solutions, Inc.",1-415-775-6644,,601 Van NeCA Ave Ste E,CA,San Francisco,94102,,,0,,10,true,37.7817153,-122.4214589
604 Sonoma St,604-sonoma-st,,,,0,20,,,Storefront Institute LLC,1-415-577-9759,,604 Sonoma St,CA,Richmind,94805-1908,,,0,,10,true,37.93859,-122.316876
616 Forbes Blvd,616-forbes-blvd,,,,0,20,,,"University of California, San Francisco",1-510-987-0700,,616 Forbes Blvd,CA,South San Francisco,94080-2009,,,0,,10,true,37.6590814,-122.384989
6267 Doyle St,6267-doyle-st,,,,0,20,,,D King Productions,1-510-735-9813,,6267 Doyle St,CA,Emeryville,94608-2100,,,0,,10,true,37.8440186,-122.2890212
6294 Via De Adrianna,6294-via-de-adrianna,,,,0,20,,,Lean Space Systems LLC,1-408-997-0972,,6294 Via De Adrianna,CA,San Jose,95120-4919,,,0,,10,true,37.2214751,-121.8867454
6313 Bridgehead Rd,6313-bridgehead-rd,,,,0,20,,,Antioch Trailer Storage,1-925-754-2915,,6313 Bridgehead Rd,CA,Antioch,94509-8539,,,0,,10,true,38.0160686,-121.7528982
6383 Las Positas Rd,6383-las-positas-rd,,,,0,20,,,"Palestro Distribution Centers, Inc.",1-925-583-0200,,6383 Las Positas Rd,CA,Livermore,94551-5103,,,0,,10,true,37.7039533,-121.7148265
6383 Las Positas Road,6383-las-positas-road,,,,0,20,,,"Prism Team Services, Inc.",1-925-838-1691,,6383 Las Positas Road,CA,Livermore,94551-5103,,,0,,10,true,37.7039533,-121.7148265
6401 San Leandro St,6401-san-leandro-st,,,,0,20,,,Storquest Self Storage,1-510-382-1600,,6401 San Leandro St,CA,Oakland,94621-3728,,,0,,10,true,37.757699,-122.2028945
6440 Chestnut St,6440-chestnut-st,,,,0,20,,,Goldman Molinari Warehousing,1-408-846-7818,,6440 Chestnut St,CA,Gilroy,95020-6646,,,0,,10,true,36.9938017,-121.5582738
646 Portola Avenue,646-portola-avenue,,,,0,20,,,Dons Mobing Storage,1-510-215-9675,,646 Portola Avenue,CA,Richmind,94801-2885,,,0,,10,true,37.9416396,-122.3560509
651 Sandoval Way,651-sandoval-way,,,,0,20,,,"RPM Consolidated Services, Inc.",1-510-324-4400,,651 Sandoval Way,CA,Hayward,94544-7130,,,0,,10,true,37.622102,-122.0513392
66 Cyprus St,66-cyprus-st,,,,0,20,,,"Purcell-Murray Company, Inc.",1-415-468-6680,,66 Cyprus St,CA,Brisbane,94005,,,0,,10,true,37.6137998,-122.4101265
660 Castle Hill Road,660-castle-hill-road,,,,0,20,,,Tyson Enterprises LLC,1-650-274-1600,,660 Castle Hill Road,CA,Redwood City,94061-1102,,,0,,10,true,37.4622431,-122.2535354
6649 Central Avenue,6649-central-avenue,,,,0,20,,,360 Storage Center,1-510-797-8673,,6649 Central Avenue,CA,Newark,94560-4300,,,0,,10,true,37.5278019,-122.0275397
6691 Sierra Court,6691-sierra-court,,,,0,20,,,"Samuel's Moving & Storage, LLC",1-925-200-0173,,6691 Sierra Court,CA,Dublin,94568-2808,,,0,,10,true,37.7086038,-121.9143769
675 Emory St,675-emory-st,,,,0,20,,,Railway Distributing Inc.,1-408-280-7625,,675 Emory St,CA,San Jose,95110-1824,,,0,,10,true,37.3430605,-121.9152057
675 N King Road,675-n-king-road,,,,0,20,,,Public Storage,1-408-908-7868,,675 N King Road,CA,San Jose,95133-1707,,,0,,10,true,37.3651505,-121.8689805
675 Quinn Ave,675-quinn-ave,,,,0,20,,,Van Atlas Lines Inc,1-408-287-7575,,675 Quinn Ave,CA,San Jose,95112-2642,,,0,,10,true,37.3120105,-121.8470985
6818 Patterson Pass Rd Ste A,6818-patterson-pass-rd-ste-a,,,,0,20,,,"Record Xpress of California, LLC",1-925-583-0100,,6818 Patterson Pass Rd Ste A,CA,Livermore,94550-4230,,,0,,10,true,37.6972228,-121.7083236
6818 Patterson Pass Rd Ste A,6818-patterson-pass-rd-ste-a-2,,,,0,20,,,Retrievex Acquisition Corp. I,1-925-583-0100,,6818 Patterson Pass Rd Ste A,CA,Livermore,94551,,,0,,10,true,37.6972228,-121.7083236
688 University Ave,688-university-ave,,,,0,20,,,Store It,1-408-399-3900,,688 University Ave,CA,Los Gatos,95032-4416,,,0,,10,true,37.2349068,-121.9760597
6880 Santa Teresa Blvd,6880-santa-teresa-blvd,,,,0,20,,,CENTRAL SELF STORAGE,1-408-281-0400,,6880 Santa Teresa Blvd,CA,San Jose,95119-1205,,,0,,10,true,37.2301991,-121.7805143
690 Grape Ave,690-grape-ave,,,,0,20,,,Grape Ave Self Storage,1-408-530-0305,,690 Grape Ave,CA,Sunnyvale,94087-1031,,,0,,10,true,37.3716312,-122.0524492
6933 Preston Ave,6933-preston-ave,,,,0,20,,,Iron Mountain Incorporated,1-800-899-4766,,6933 Preston Ave,CA,Livermore,94551-9517,,,0,,10,true,37.7071657,-121.710182
6933 Preston Ave Ste A,6933-preston-ave-ste-a,,,,0,20,,,"Iron Mountain Information Management, LLC",1-925-687-0211,,6933 Preston Ave Ste A,CA,Livermore,94551-9517,,,0,,10,true,37.7071657,-121.710182
701 Kings Row,701-kings-row,,,,0,20,,,Joe Storage,1-408-642-1722,,701 Kings Row,CA,San Jose,95112-2726,,,0,,10,true,37.3750156,-121.8990835
701 Saint George Rd,701-saint-george-rd,,,,0,20,,,McMillan Storage LLC,1-925-200-0799,,701 Saint George Rd,CA,Danville,94526-6233,,,0,,10,true,37.7910158,-121.9555321
701 Whitney St,701-whitney-st,,,,0,20,,,"Linksoul, Inc.",1-510-618-1200,,701 Whitney St,CA,San Leandro,94577-1117,,,0,,10,true,37.7217283,-122.1880283
7025 Central Ave,7025-central-ave,,,,0,20,,,"National Distribution Agency, Inc.",1-510-487-6226,,7025 Central Ave,CA,Newark,94560-4201,,,0,,10,true,37.5238338,-122.0310034
7041 Koll Center Pkwy Ste 160,7041-koll-center-pkwy-ste-160,,,,0,20,,,Bayou Storage Downtown,1-337-210-3300,,7041 Koll Center Pkwy Ste 160,CA,Pleasanton,94566-3128,,,0,,10,true,37.6611069,-121.9007602
705 Comstock St Ste A,705-comstock-st-ste-a,,,,0,20,,,Gorilla Metals,1-408-748-0188,,705 Comstock St Ste A,CA,Santa Clara,95054-3422,,,0,,10,true,37.375069,-121.9466444
724 Whitney St,724-whitney-st,,,,0,20,,,Dreamfarm USA Inc,1-415-829-8743,,724 Whitney St,CA,San Leandro,94577-1118,,,0,,10,true,37.7222538,-122.1874426
724 Whitney St,724-whitney-st-2,,,,0,20,,,BT Express Liquidators,1-408-541-1340,,724 Whitney St,CA,San Leandro,94577-1118,,,0,,10,true,37.7222538,-122.1874426
7315 Johnson Dr,7315-johnson-dr,,,,0,20,,,Garage Storage,1-925-459-5603,,7315 Johnson Dr,CA,Pleasanton,94588-3862,,,0,,10,true,37.6896568,-121.9157099
7407 S Front Rd,7407-s-front-rd,,,,0,20,,,Tpe Services Inc,1-925-454-8700,,7407 S Front Rd,CA,Livermore,94551-8224,,,0,,10,true,37.7143585,-121.7055954
7447a Morton Ave,7447a-morton-ave,,,,0,20,,,"Javelin Logistics Company, Inc.",1-800-577-1060,,7447a Morton Ave,CA,Newark,94560-4208,,,0,,10,true,37.517836,-122.0359767
7650 Hawthorn Pl Ste 1,7650-hawthorn-pl-ste-1,,,,0,20,,,Endeavour Storage Contain,1-925-371-2780,,7650 Hawthorn Pl Ste 1,CA,Livermore,94550-7126,,,0,,10,true,37.6984729,-121.7747971
7835 Enterprise Dr,7835-enterprise-dr,,,,0,20,,,Mountain Air Co2 LLC,1-510-570-6029,,7835 Enterprise Dr,CA,Newark,94560-3410,,,0,,10,true,37.5233768,-122.0408166
800 Avenue H,800-avenue-h,,,,0,20,,,"Bizon Group, Inc.",1-415-802-1302,,800 Avenue H,CA,San Francisco,94130-1647,,,0,,10,true,37.8264139,-122.370084
800 Avenue H,800-avenue-h-2,,,,0,20,,,Island Park Storage,1-415-890-6484,,800 Avenue H,CA,San Francisco,94130-1647,,,0,,10,true,37.8264139,-122.370084
808 Canyon Rd,808-canyon-rd,,,,0,20,,,Financial Transfer Systems,1-650-556-0519,,808 Canyon Rd,CA,Redwood City,94062-3063,,,0,,10,true,37.4696001,-122.2526048
815 Sunset Dr,815-sunset-dr,,,,0,20,,,FIDELITY INVESTMENT COMPANY,1-925-754-4320,,815 Sunset Dr,CA,Antioch,94509-2860,,,0,,10,true,37.9983493,-121.7927084
819 Olive Avenue,819-olive-avenue,,,,0,20,,,Novato Usd Warehouse,1-415-898-1066,,819 Olive Avenue,CA,Novato,94945-2455,,,0,,10,true,38.1098819,-122.5664596
8410 Amelia St,8410-amelia-st,,,,0,20,,,Nimby LLC,1-510-238-7002,,8410 Amelia St,CA,Oakland,94621-1836,,,0,,10,true,37.749843,-122.186578
8480 Enterprise Way,8480-enterprise-way,,,,0,20,,,"Associated Lighting Representatives, Inc.",1-510-638-3800,,8480 Enterprise Way,CA,Oakland,94621-1318,,,0,,10,true,37.7422918,-122.1923866
850 92nd Ave Ste 5,850-92nd-ave-ste-5,,,,0,20,,,"Cold Box, Inc.",1-510-569-2433,,850 92nd Ave Ste 5,CA,Oakland,94603-1210,,,0,,10,true,37.7436258,-122.1824984
850 S 10th St,850-s-10th-st,,,,0,20,,,Schmitt & Co,1-408-995-0700,,850 S 10th St,CA,San Jose,95112-3797,,,0,,10,true,37.3281438,-121.8713419
851 81st Ave Ste 100v,851-81st-ave-ste-100v,,,,0,20,,,Sunshine Storage Center,1-510-639-9100,,851 81st Ave Ste 100v,CA,Oakland,94621-2546,,,0,,10,true,37.7514411,-122.1903913
8585 Forest Street,8585-forest-street,,,,0,20,,,Extra Space Storage,1-408-842-0711,,8585 Forest Street,CA,Gilroy,95020-3645,,,0,,10,true,37.0222544,-121.574282
860 81st Avenue,860-81st-avenue,,,,0,20,,,Oakland Cold Storage Warehouse,1-510-878-7055,,860 81st Avenue,CA,Oakland,94621-2510,,,0,,10,true,37.7508961,-122.1882629
866 Lurline Dr,866-lurline-dr,,,,0,20,,,Bay Area Piano Storage,1-650-921-6645,,866 Lurline Dr,CA,Foster City,94404-1804,,,0,,10,true,37.5594436,-122.2580996
8678 Thornton Ave,8678-thornton-ave,,,,0,20,,,"Onfulfillment, Inc.",1-510-793-3009,,8678 Thornton Ave,CA,Newark,94560-3330,,,0,,10,true,37.5256627,-122.0554237
8707 San Leandro St Ste A,8707-san-leandro-st-ste-a,,,,0,20,,,"Wellson, Inc.",1-510-568-1300,,8707 San Leandro St Ste A,CA,Oakland,94621-1244,,,0,,10,true,37.7452744,-122.1883516
875 E Arques Avenue,875-e-arques-avenue,,,,0,20,,,Public Storage,1-408-739-4600,,875 E Arques Avenue,CA,Sunnyvale,94085-4523,,,0,,10,true,37.3821139,-122.009446
897 Industrial Dr,897-industrial-dr,,,,0,20,,,San Benito Mini Storage Inc,1-831-636-5470,,897 Industrial Dr,CA,Hollister,95023-5021,,,0,,10,true,36.8448,-121.391189
901 16th St,901-16th-st,,,,0,20,,,Record Storage,1-415-863-9371,,901 16th St,CA,San Francisco,94107-2430,,,0,,10,true,37.7663067,-122.395268
901 Illinois St,901-illinois-st,,,,0,20,,,Storage San,1-415-621-5228,,901 Illinois St,CA,San Francisco,94107-3188,,,0,,10,true,37.7598249,-122.3870041
903 Monet Cir,903-monet-cir,,,,0,20,,,The Institute For Extra-Sensory Perception Corp,1-925-945-7834,,903 Monet Cir,CA,Walnut Creek,94597-2417,,,0,,10,true,37.9242634,-122.0683421
920 Shasta St,920-shasta-st,,,,0,20,,,Golden Gate Mini Storage,1-650-366-5610,,920 Shasta St,CA,Redwood City,94063-2128,,,0,,10,true,37.4782881,-122.2214915
920 Shasta St,920-shasta-st-2,,,,0,20,,,Securepro Self Storage,1-650-362-8844,,920 Shasta St,CA,Redwood City,94063-2128,,,0,,10,true,37.4782881,-122.2214915
944 Market St Ste 400,944-market-st-ste-400,,,,0,20,,,Omni Projects Inc.,1-818-640-0547,,944 Market St Ste 400,CA,San Francisco,94102-4023,,,0,,10,true,37.7836839,-122.4089861
950 Tunnel Ave,950-tunnel-ave,,,,0,20,,,Kinder Morgan Liquids Terminals LLC,1-415-467-8107,,950 Tunnel Ave,CA,Brisbane,94005-1100,,,0,,10,true,37.691673,-122.399616
971 66th Ave,971-66th-ave,,,,0,20,,,"Summit Cfs, Inc.",1-510-638-8338,,971 66th Ave,CA,Oakland,94621-3533,,,0,,10,true,37.7580218,-122.1993937
975 Vista Rd,975-vista-rd,,,,0,20,,,Helsten Cold Storage Co I,1-650-340-9345,,975 Vista Rd,CA,Hillsborough,94010-7256,,,0,,10,true,37.5508862,-122.3478161
976 Martin Blvd,976-martin-blvd,,,,0,20,,,"Eclipse Moving Services, LLC",1-510-760-8164,,976 Martin Blvd,CA,San Leandro,94577-1339,,,0,,10,true,37.7215547,-122.1777314
985 Moraga Rd Ste 214,985-moraga-rd-ste-214,,,,0,20,,,Elk Grove Laguna Personal Storage,1-916-685-7867,,985 Moraga Rd Ste 214,CA,Lafayette,94549-4433,,,0,,10,true,37.8912749,-122.1191572
Imported item 198,imported-item-198,,,,0,20,,,"Southwood Storage Gp, LLC",1-925-743-0869,,,CA,Danville,94526,,,0,,10,true,37.8006948,-121.9814354
Imported item 219,imported-item-219,,,,0,20,,,Boatel Storage,1-925-684-2277,,,CA,Bethel Island,94511,,,0,,10,true,38.0340942,-121.6340142
Imported item 76,imported-item-76,,,,0,20,,,"Lufkin Storage Gp, LLC",1-925-743-0869,,,CA,Danville,94526,,,0,,10,true,37.8006948,-121.9814354
Imported item 96,imported-item-96,,,,0,20,,,Berkeley Storage Limited,1-408-204-0492,,,CA,San Jose,95154,,,0,,10,true,37.26,-121.91
Nisi Ea,nisi-ea-eveniet,false,https://uploads-ssl.webflow.com/5b8d5ccb2232e212a90ee9a1/5bfc7ca3e5981a0d380bc410_warehouse-building-example-04.jpg,,100,10,Cesar Amaro,Title,Company,12345678,cesar.amaro@jonajo.com,street 1289,NL,City center,213412,"1, 2, 3, 4","1, 2, 3",20,per pallet,10,true,,
